﻿<roblox xmlns:xmime="http://www.w3.org/2005/05/xmlmime" xmlns:xsi="http://www.w3.org/2001/XMLSchema-instance" xsi:noNamespaceSchemaLocation="http://www.roblox.com/roblox.xsd" version="4">
<External>null</External>
<External>nil</External>
<Item class="BodyColors">
<Properties>
<int name="HeadColor">1030</int>
<int name="LeftArmColor">1030</int>
<int name="LeftLegColor">1021</int>
<string name="Name">Body Colors</string>
<int name="RightArmColor">1030</int>
<int name="RightLegColor">1021</int>
<int name="TorsoColor">1012</int>
<bool name="archivable">true</bool>
</Properties>
</Item>
</roblox>